,points,tpm,tpa,offReb,defReb,totReb,assists,pFouls,steals,turnovers,blocks,fga,fgm,fta,ftm,fgp,ftp,tpp
PlayerCluster,,,,,,,,,,,,,,,,,,
0,0.04336994216415829,0.40010461555292853,0.4579248694618635,-0.98271019052829,-0.1924283426195259,-0.37536656050877315,0.06058050882307542,0.17925463189646595,0.23329925339258065,0.009975957471378635,-0.8497538412156823,0.1736122575961848,0.007353492184712063,-0.24997753369823328,-0.1770432428782644,-1.1648365168724633,0.7185227234760369,0.06386088156242058
1,1.067025180408556,1.3240011316290852,1.2917244720539598,1.2786263386766334,1.5866061417637494,1.7127556491537725,0.6036982404324613,1.7106402751673713,1.4977183074718547,0.632226304748621,1.5010782624184886,1.0877561128971474,1.089805050089061,0.6392322282361037,0.5901233778275158,-0.7060560841928809,0.5355861711022405,1.2438992810525265
2,-1.0142999518322495,-1.1825153846504195,-1.1967085524284329,1.1155607140892159,-0.5831161897561391,-0.30833681756077796,-1.0679646028040588,-0.9104288250923962,-1.1290425878030645,-0.9842944705093586,0.8946595320116332,-1.0830685086982346,-0.9925171812643382,-0.759920604660889,-0.8252258403970336,1.4981894928670934,-1.112422978483186,-0.8838343482536027
3,1.1406817318597333,0.6072522561570521,0.6001052110521957,-0.9875062383102728,0.536997000202699,0.2920165323212659,1.5075704843890674,0.11566768477103045,0.48847031179071565,1.507616572862096,-0.6520920398488907,1.050523839963076,1.1354725709980866,1.5786594525448916,1.5943236154058493,-0.458092056687328,1.1435190589608448,0.9232940380104159
4,-1.2367769026001987,-1.148842618688646,-1.1530460001395857,-0.42397062392728563,-1.3480586095907834,-1.3210688034054878,-1.1038846308405459,-1.0951337667424708,-1.0904452848520862,-1.1655243645727371,-0.8938919133655483,-1.2288237017581731,-1.2401139320075218,-1.207993542421873,-1.1821779099580665,0.8307951648855801,-1.2852049750559327,-1.347219852371775
