,points,tpm,tpa,offReb,defReb,totReb,assists,pFouls,steals,turnovers,blocks,fga,fgm,fta,ftm,fgp,ftp,tpp
PlayerCluster,,,,,,,,,,,,,,,,,,
0,0.5384517846953655,0.6314021830394627,0.6649298597194389,0.002116402116402183,0.3937861271676302,0.3117195004803074,0.44590662610765774,0.4542020774315392,0.5186394557823129,0.43974498522780286,0.018429487179487225,0.6053907361542921,0.5251197641567374,0.34378733572281955,0.3620148081669284,0.0,0.8250125047011121,0.5445835028316033
1,0.9690187873792767,1.0,1.0,1.0,1.0,0.9999999999999999,0.6538817616717365,1.0000000000000002,1.0,0.6725237132638782,0.9999999999999999,1.0,0.9807763174057241,0.6628833134209478,0.638321741081445,0.17227786397942513,0.749690422071887,1.0
2,0.09357763266341218,0.0,0.0,0.928042328042328,0.26065751445086704,0.33381364073006725,0.0137547943393731,0.0658302981249157,0.0,0.06779661016949157,0.7467948717948717,0.06291826948411233,0.10422552511976413,0.16079251294305058,0.1285618128786179,1.0,0.07114105767174728,0.17883604738226921
3,0.9999999999999999,0.7140458198392707,0.7220663549320864,0.0,0.6423410404624277,0.531700288184438,0.9999999999999999,0.4315391879131256,0.61578231292517,1.0,0.10096153846153844,0.9839279127364705,0.9999999999999999,1.0,1.0,0.2653914973418736,1.0,0.876267656354953
4,0.0,0.01343408900083963,0.017546203518147396,0.24867724867724883,0.0,0.0,0.0,0.0,0.014693877551020362,0.0,0.0,0.0,0.0,0.0,0.0,0.7493849757604192,0.0,0.0
