,points,tpm,tpa,offReb,defReb,totReb,assists,pFouls,steals,turnovers,blocks,fga,fgm,fta,ftm,fgp,ftp,tpp
pos,,,,,,,,,,,,,,,,,,
C,0.0,0.0,0.0,1.0,0.22423146473779365,0.7810130421595387,0.0,0.0,0.0,0.0,1.0,0.0,0.0,0.0,0.0,0.9999999999999996,0.0,0.7236559756252792
PF,0.5134018434156161,0.4225282833251352,0.47017673048600883,0.534208059981256,1.0,1.0,0.21688361408882084,0.9999999999999996,0.5118881118881118,0.3073783359497645,0.7091273821464392,0.5374090247452693,0.5359369872005251,0.48930737312480055,0.46501128668171543,0.25685553119905524,0.5264559746445778,0.0
PG,0.9999999999999999,0.8826856861780619,0.9227724594992636,0.0,0.11301989150090419,0.059144676979071775,1.0,0.7162534435261709,1.0,0.9999999999999999,0.0,0.9999999999999999,0.9999999999999998,1.0,0.9999999999999999,0.0,1.0,0.5131504710149883
SF,0.6272910265918,0.6214953271028036,0.6377025036818851,0.25585754451733833,0.051537070524412254,0.1835001516530177,0.2583269525267994,0.44168962350780516,0.6328671328671329,0.30832025117739403,0.22066198595787356,0.6067540029112081,0.5974729241877257,0.6211299074369614,0.6555949693647211,0.1885013330324692,0.8882433400031493,0.7143004354540103
SG,0.9236677614154042,0.9999999999999998,0.9999999999999999,0.02577319587628868,0.0,0.0,0.45310107197549776,0.9568411386593207,0.8251748251748252,0.5387755102040815,0.09127382146439311,0.9378748180494906,0.9433869379717754,0.5400574529205235,0.6039987100935181,0.03632736586310825,0.9526892963499112,1.0
