pos,points,minutes,fgm,fga,ftm,fta,tpm,tpa,tpp,offReb,defReb,totReb,assists,pFouls,steals,turnovers,blocks,fgp,ftp
C,17239.0,38449.38333333333,6797.0,12185.0,2787.0,3992.0,858.0,2355.0,21358.7,3635.0,8055.0,11690.0,2636.0,3910.0,1069.0,2043.0,1740.0,0.5578169881001231,0.6981462925851704
PF,26881.0,59935.76666666667,10034.0,21395.0,4206.0,5492.0,2607.0,7549.0,58896.9,2586.0,9709.0,12295.0,4926.0,4930.0,1803.0,3010.0,1436.0,0.46898808132741293,0.7658412235979607
PG,36004.0,67989.43333333333,12842.0,29357.0,5851.0,7062.0,4469.0,12460.0,70170.8,1412.0,7712.0,9124.0,13173.0,4625.0,2507.0,5266.0,722.0,0.4374425179684573,0.8285188331917304
SF,29035.0,62181.86666666667,10415.0,22622.0,4786.0,5886.0,3419.0,9382.0,66089.2,1974.0,7616.0,9590.0,5351.0,4326.0,1988.0,3014.0,946.0,0.4603925382371143,0.8131158681617398
SG,34879.0,69548.48333333334,12608.0,28521.0,4660.0,5673.0,5003.0,13426.0,78959.3,1486.0,7513.0,8999.0,7430.0,4921.0,2269.0,3802.0,821.0,0.4420602363170997,0.8214348669134497
